raw_pos,sense_uses,sources,in_std_pos,current_en,current_mi,status,review_en,review_mi
Noun,16478,paekupu:15564;papakupu:914,Y,Noun,Tūingoa,OK,,
noun,13459,te_aka:13459,Y,Noun,Tūingoa,OK,,
ing,11191,hepatakakupu:11191,Y,,,NEEDS_EN+MI,,
proper noun - person,6836,te_aka:6836,Y,Proper noun (person),Tūingoa,OK,,
verb,6539,te_aka:6532;paekupu:7,Y,Verb,Tūmahi,OK,,
"mahp, ing, āhua",4415,hepatakakupu:4415,Y,,,NEEDS_EN+MI,,
proper noun - place,4015,te_aka:4015,Y,Proper noun (place),Tūingoa,OK,,
simple noun,3940,te_aka:3940,Y,Noun,Tūingoa,OK,,
"mahw, ing, āhua",3268,hepatakakupu:3268,Y,,,NEEDS_EN+MI,,
n.,2954,williams:2954,Y,Noun,Tūingoa,OK,,
proper noun - other,2319,te_aka:2319,Y,Proper noun,Tūingoa,OK,,
"āhua, ing, mahp",2208,hepatakakupu:2208,Y,,,NEEDS_EN+MI,,
"loan, noun",1998,te_aka:1998,Y,Noun,Tūingoa,OK,,
a.,1597,williams:1597,Y,Modifier,Tūāhua,OK,,
v.t.,1560,williams:1560,Y,Verb (transitive),Tūmahi whiti,OK,,
"ing, āhua",1305,hepatakakupu:1305,Y,,,NEEDS_EN+MI,,
v.i.,1198,williams:1198,Y,Verb (intransitive),Tūmahi poro,OK,,
adjective,959,te_aka:959,Y,Modifier,Tūāhua,OK,,
modifier,844,te_aka:844,Y,Modifier,Tūāhua,OK,,
stative,642,te_aka:642,Y,Stative,Tūāhua,OK,,
location,576,te_aka:576,Y,Locative,Tūwāhi,OK,,
"loan, personal name",548,te_aka:548,Y,Proper noun (person),Tūingoa,OK,,
Universal,493,papakupu:493,Y,Universal,,NEEDS_MI,,
"loan, location",445,te_aka:445,Y,Locative,Tūwāhi,OK,,
transitive universal verb,366,te_aka:366,Y,Verb (transitive),Tūmahi whiti,OK,,
"ing, mahp, āhua",365,hepatakakupu:365,Y,,,NEEDS_EN+MI,,
Adjective,348,paekupu:348,Y,Modifier,Tūāhua,OK,,
Name,343,papakupu:343,Y,Proper noun,Tūingoa,OK,,
Stative,328,papakupu:328,Y,Stative,Tūāhua,OK,,
unsure,300,te_aka:300,Y,,,NEEDS_EN+MI,,
personal noun,285,te_aka:285,Y,Noun (personal),Tūingoa,OK,,
"loan, verb",282,te_aka:282,Y,Verb,Tūmahi,OK,,
personal name,267,te_aka:267,Y,Proper noun (person),Tūingoa,OK,,
Transitive Verb,265,paekupu:265,Y,Verb (transitive),Tūmahi whiti,OK,,
intransitive verb,262,te_aka:262,Y,Verb (intransitive),Tūmahi poro,OK,,
transitive verb,256,te_aka:256,Y,Verb (transitive),Tūmahi whiti,OK,,
"mahw, ing, mahp, āhua",243,hepatakakupu:243,Y,,,NEEDS_EN+MI,,
Intransitive Verb,238,paekupu:238,Y,Verb (intransitive),Tūmahi poro,OK,,
"mahp, ing, āhua, tūkē",223,hepatakakupu:223,Y,,,NEEDS_EN+MI,,
particle,208,te_aka:208,Y,Particle,,NEEDS_MI,,
Causative,204,papakupu:204,Y,Verb (causative),,NEEDS_MI,,
"āhua, ing, mahp, tūkē",163,hepatakakupu:163,Y,,,NEEDS_EN+MI,,
āhua,161,hepatakakupu:161,Y,,,NEEDS_EN+MI,,
interjection,139,te_aka:139,Y,Interjection,,NEEDS_MI,,
"mahp, ing, mahw, āhua",131,hepatakakupu:131,Y,,,NEEDS_EN+MI,,
loan,126,te_aka:126,Y,,,NEEDS_EN+MI,,
tūkē,125,hepatakakupu:125,Y,,,NEEDS_EN+MI,,
intransitive universal verb,122,te_aka:122,Y,Verb (intransitive),Tūmahi poro,OK,,
Verb,120,papakupu:120,Y,Verb,Tūmahi,OK,,
ad.,105,williams:105,Y,Adverb,Tūkē,OK,,
"loan, modifier",95,te_aka:95,Y,Modifier,Tūāhua,OK,,
determiner,86,te_aka:86,Y,Determiner,,NEEDS_MI,,
"ing, mahp",66,hepatakakupu:66,Y,,,NEEDS_EN+MI,,
ptm,63,hepatakakupu:63,Y,,,NEEDS_EN+MI,,
thu,58,hepatakakupu:58,Y,,,NEEDS_EN+MI,,
pmu,53,hepatakakupu:53,Y,,,NEEDS_EN+MI,,
tkp,53,hepatakakupu:53,Y,,,NEEDS_EN+MI,,
"āhua, ing",49,hepatakakupu:49,Y,,,NEEDS_EN+MI,,
l.n.,48,williams:48,Y,Locative,Tūwāhi,OK,,
numeral,48,te_aka:48,Y,Numeral,,NEEDS_MI,,
pmi,47,hepatakakupu:47,Y,,,NEEDS_EN+MI,,
hono,46,hepatakakupu:46,Y,,,NEEDS_EN+MI,,
"loan, personal noun",46,te_aka:46,Y,Noun (personal),Tūingoa,OK,,
adverb,44,te_aka:44,Y,Adverb,,NEEDS_MI,,
kīa,43,hepatakakupu:43,Y,,,NEEDS_EN+MI,,
"ing, mahp, āhua, tūkē",40,hepatakakupu:40,Y,,,NEEDS_EN+MI,,
wā,38,hepatakakupu:38,Y,,,NEEDS_EN+MI,,
"maho, ing, āhua",36,hepatakakupu:36,Y,,,NEEDS_EN+MI,,
negative,35,te_aka:35,Y,Negative,,NEEDS_MI,,
wāhi,35,hepatakakupu:35,Y,,,NEEDS_EN+MI,,
pīa,31,hepatakakupu:31,Y,,,NEEDS_EN+MI,,
pma,29,hepatakakupu:29,Y,,,NEEDS_EN+MI,,
"ing, mahw",27,hepatakakupu:27,Y,,,NEEDS_EN+MI,,
"particle, determiner",25,te_aka:25,Y,,,NEEDS_EN+MI,,
"tūkē, āhua",23,hepatakakupu:23,Y,,,NEEDS_EN+MI,,
Place name,21,papakupu:21,Y,,,NEEDS_EN+MI,,
kore,21,hepatakakupu:21,Y,,,NEEDS_EN+MI,,
pronoun,21,te_aka:21,Y,Pronoun,,NEEDS_MI,,
pāt,21,hepatakakupu:21,Y,,,NEEDS_EN+MI,,
Verb (transitive),20,papakupu:20,Y,,,NEEDS_EN+MI,,
"loan, stative",18,te_aka:18,Y,Stative,Tūāhua,OK,,
proper noun - name,18,te_aka:18,Y,,,NEEDS_EN+MI,,
"āhua, tūkē",18,hepatakakupu:18,Y,,,NEEDS_EN+MI,,
"maho, ing, mahp, āhua",17,hepatakakupu:17,Y,,,NEEDS_EN+MI,,
v.,17,williams:17,Y,Verb,Tūmahi,OK,,
"āhua, mahp",17,hepatakakupu:17,Y,,,NEEDS_EN+MI,,
Place Name,16,papakupu:16,Y,,,NEEDS_EN+MI,,
kīw,16,hepatakakupu:16,Y,,,NEEDS_EN+MI,,
"ing, mahw, mahp, āhua",15,hepatakakupu:15,Y,,,NEEDS_EN+MI,,
mahh,15,hepatakakupu:15,Y,,,NEEDS_EN+MI,,
"ing, mahw, āhua",14,hepatakakupu:14,Y,,,NEEDS_EN+MI,,
mahp,14,hepatakakupu:14,Y,,,NEEDS_EN+MI,,
experience verb,13,te_aka:13,Y,,,NEEDS_EN+MI,,
"pmu, tkp",13,hepatakakupu:13,Y,,,NEEDS_EN+MI,,
conj.,12,williams:12,Y,Conjunction,,NEEDS_MI,,
"ing, āhua, tūkē",12,hepatakakupu:12,Y,,,NEEDS_EN+MI,,
"tau, ing, āhua",12,hepatakakupu:12,Y,,,NEEDS_EN+MI,,
"tūkē, ing, mahp, āhua",12,hepatakakupu:12,Y,,,NEEDS_EN+MI,,
Personal name,11,papakupu:11,Y,Proper noun (person),Tūingoa,OK,,
"mahh, ing",11,hepatakakupu:11,Y,,,NEEDS_EN+MI,,
pt.,11,williams:11,Y,Particle,,NEEDS_MI,,
Noun phrase,10,papakupu:10,Y,,,NEEDS_EN+MI,,
"ing, ing",10,hepatakakupu:10,Y,,,NEEDS_EN+MI,,
int.,10,williams:10,Y,Interjection,,NEEDS_MI,,
"āhua, ing, āhua",10,hepatakakupu:10,Y,,,NEEDS_EN+MI,,
Derived Noun,9,papakupu:9,Y,,,NEEDS_EN+MI,,
Noun Phrase,9,papakupu:9,Y,,,NEEDS_EN+MI,,
Personal Name,9,papakupu:9,Y,Proper noun (person),Tūingoa,OK,,
"mahp, ing",9,hepatakakupu:9,Y,,,NEEDS_EN+MI,,
Pronoun,8,papakupu:8,Y,Pronoun,,NEEDS_MI,,
Verb (intransitive),8,papakupu:8,Y,,,NEEDS_EN+MI,,
"maho, ing",8,hepatakakupu:8,Y,,,NEEDS_EN+MI,,
"mahw, ing, āhua, tūkē",8,hepatakakupu:8,Y,,,NEEDS_EN+MI,,
num.,8,williams:8,Y,Numeral,,NEEDS_MI,,
pos.,8,williams:8,Y,Determiner (possessive),,NEEDS_MI,,
pron.,8,williams:8,Y,Pronoun,,NEEDS_MI,,
Adverb,7,paekupu:5;papakupu:2,Y,Adverb,,NEEDS_MI,,
Conjunction,7,papakupu:7,Y,Conjunction,,NEEDS_MI,,
adverb (time),7,paekupu:7,Y,,,NEEDS_EN+MI,,
"mahp, ing, mahp, āhua",7,hepatakakupu:7,Y,,,NEEDS_EN+MI,,
"mahw, ing, mahp",7,hepatakakupu:7,Y,,,NEEDS_EN+MI,,
"āhua, ing, tūkē",7,hepatakakupu:7,Y,,,NEEDS_EN+MI,,
Numeral,6,papakupu:6,Y,Numeral,,NEEDS_MI,,
Particle,6,papakupu:6,Y,Particle,,NEEDS_MI,,
"kīa, ing",6,hepatakakupu:6,Y,,,NEEDS_EN+MI,,
"loan, interjection",6,te_aka:6,Y,Interjection,,NEEDS_MI,,
"maho, āhua",6,hepatakakupu:6,Y,,,NEEDS_EN+MI,,
"mahp, ing, mahw, āhua, tūkē",6,hepatakakupu:6,Y,,,NEEDS_EN+MI,,
mahw,6,hepatakakupu:6,Y,,,NEEDS_EN+MI,,
passive verb,6,te_aka:6,Y,,,NEEDS_EN+MI,,
Note from Te Mātāpunenga ©,5,papakupu:5,Y,,,NEEDS_EN+MI,,
Personal Noun,5,papakupu:5,Y,Noun (personal),Tūingoa,OK,,
Possessive particle,5,papakupu:5,Y,,,NEEDS_EN+MI,,
Possessive pronoun,5,papakupu:5,Y,,,NEEDS_EN+MI,,
"mahp, ing, āhua, maho",5,hepatakakupu:5,Y,,,NEEDS_EN+MI,,
prep.,5,williams:5,Y,,,NEEDS_EN+MI,,
"tūkē, ing",5,hepatakakupu:5,Y,,,NEEDS_EN+MI,,
Exclamation,4,papakupu:4,Y,,,NEEDS_EN+MI,,
Neuter Verb,4,paekupu:4,Y,,,NEEDS_EN+MI,,
conjunction,4,te_aka:4,Y,Conjunction,,NEEDS_MI,,
indef.,4,williams:4,Y,Determiner (indefinite),,NEEDS_MI,,
"ing, ing, mahp, āhua",4,hepatakakupu:4,Y,,,NEEDS_EN+MI,,
"ing, ing, āhua",4,hepatakakupu:4,Y,,,NEEDS_EN+MI,,
"noun, simple noun",4,te_aka:4,Y,,,NEEDS_EN+MI,,
"thu, ing",4,hepatakakupu:4,Y,,,NEEDS_EN+MI,,
"tūkē, mahp, āhua",4,hepatakakupu:4,Y,,,NEEDS_EN+MI,,
"wāhi, ing",4,hepatakakupu:4,Y,,,NEEDS_EN+MI,,
Definitive pronoun,3,papakupu:3,Y,,,NEEDS_EN+MI,,
Exclamatory directional particle,3,papakupu:3,Y,,,NEEDS_EN+MI,,
Exclamatory particle,3,papakupu:3,Y,,,NEEDS_EN+MI,,
Interjection,3,papakupu:3,Y,Interjection,,NEEDS_MI,,
Passive Verb,3,papakupu:3,Y,,,NEEDS_EN+MI,,
Postposed Particle,3,papakupu:3,Y,,,NEEDS_EN+MI,,
Verbal particle,3,papakupu:3,Y,,,NEEDS_EN+MI,,
"loan, numeral",3,te_aka:3,Y,Numeral,,NEEDS_MI,,
maho,3,hepatakakupu:3,Y,,,NEEDS_EN+MI,,
"mahp, āhua",3,hepatakakupu:3,Y,,,NEEDS_EN+MI,,
pl.,3,williams:3,N,,,NOT_IN_STD_POS,,
prefix.,3,williams:3,Y,Prefix,,NEEDS_MI,,
pīi,3,hepatakakupu:3,Y,,,NEEDS_EN+MI,,
"tau, ing, mahp, āhua",3,hepatakakupu:3,Y,,,NEEDS_EN+MI,,
"wā, tūkē",3,hepatakakupu:3,Y,,,NEEDS_EN+MI,,
Causative Noun,2,papakupu:2,Y,,,NEEDS_EN+MI,,
Demonstrative Determiner,2,papakupu:2,Y,,,NEEDS_EN+MI,,
Demonstrative determiner,2,papakupu:2,Y,,,NEEDS_EN+MI,,
Derived noun,2,papakupu:2,Y,,,NEEDS_EN+MI,,
Determiner,2,papakupu:2,Y,Determiner,,NEEDS_MI,,
Directional particle,2,papakupu:2,Y,,,NEEDS_EN+MI,,
Enumerator,2,papakupu:2,Y,,,NEEDS_EN+MI,,
Focus particle,2,papakupu:2,Y,,,NEEDS_EN+MI,,
From English,2,papakupu:2,Y,,,NEEDS_EN+MI,,
Idiom,2,papakupu:2,Y,,,NEEDS_EN+MI,,
Interrogative,2,papakupu:2,Y,,,NEEDS_EN+MI,,
Linking particle,2,papakupu:2,Y,,,NEEDS_EN+MI,,
Local Noun,2,papakupu:2,Y,,,NEEDS_EN+MI,,
Locative particle,2,papakupu:2,Y,,,NEEDS_EN+MI,,
Ng,2,papakupu:2,Y,,,NEEDS_EN+MI,,
Personal Numeral,2,papakupu:2,Y,,,NEEDS_EN+MI,,
Personal pronoun,2,papakupu:2,Y,,,NEEDS_EN+MI,,
Possessive Determiner,2,papakupu:2,Y,,,NEEDS_EN+MI,,
Term of address,2,papakupu:2,Y,,,NEEDS_EN+MI,,
"ing, ing, mahp",2,hepatakakupu:2,Y,,,NEEDS_EN+MI,,
"ing, tūkē",2,hepatakakupu:2,Y,,,NEEDS_EN+MI,,
"loan, adjective",2,te_aka:2,Y,Modifier,Tūāhua,OK,,
"mahp, ing, mahp",2,hepatakakupu:2,Y,,,NEEDS_EN+MI,,
"mahw, ing, mahp, āhua, tūkē",2,hepatakakupu:2,Y,,,NEEDS_EN+MI,,
"mahw, ing, mahw, āhua",2,hepatakakupu:2,Y,,,NEEDS_EN+MI,,
"āhua, ing, mahp, maho",2,hepatakakupu:2,Y,,,NEEDS_EN+MI,,
"āhua, ing, mahw, mahp",2,hepatakakupu:2,Y,,,NEEDS_EN+MI,,
"āhua, ing, wāhi",2,hepatakakupu:2,Y,,,NEEDS_EN+MI,,
"āhua, mahp, tūkē",2,hepatakakupu:2,Y,,,NEEDS_EN+MI,,
Adverb indicating agreement,1,papakupu:1,Y,,,NEEDS_EN+MI,,
Agentive particle,1,papakupu:1,Y,,,NEEDS_EN+MI,,
Agentive prefix,1,papakupu:1,Y,,,NEEDS_EN+MI,,
Auxilliary Verb,1,papakupu:1,Y,,,NEEDS_EN+MI,,
Causative Verb,1,papakupu:1,Y,,,NEEDS_EN+MI,,
"Cf. Ngāi, Ngare",1,papakupu:1,Y,,,NEEDS_EN+MI,,
Cf. tīrengi,1,papakupu:1,Y,,,NEEDS_EN+MI,,
Definitive,1,papakupu:1,Y,,,NEEDS_EN+MI,,
"Definitive, plural of tana",1,papakupu:1,Y,,,NEEDS_EN+MI,,
"Definitive, plural of taua",1,papakupu:1,Y,,,NEEDS_EN+MI,,
"Definitive, plural of tā 1",1,papakupu:1,Y,,,NEEDS_EN+MI,,
"Definitive, plural of tāna",1,papakupu:1,Y,,,NEEDS_EN+MI,,
"Definitive, plural of tēnā",1,papakupu:1,Y,,,NEEDS_EN+MI,,
"Definitive, plural of tōku",1,papakupu:1,Y,,,NEEDS_EN+MI,,
"Definitive, plural of tōu",1,papakupu:1,Y,,,NEEDS_EN+MI,,
"Defintive pronoun, plural of tō [2",1,papakupu:1,Y,,,NEEDS_EN+MI,,
"Demonstrative
determiner",1,papakupu:1,Y,,,NEEDS_EN+MI,,
Derived Agentive Noun,1,papakupu:1,Y,,,NEEDS_EN+MI,,
Derived Stative,1,papakupu:1,Y,,,NEEDS_EN+MI,,
Derived causative,1,papakupu:1,Y,,,NEEDS_EN+MI,,
"Dervived noun, from waiata",1,papakupu:1,Y,,,NEEDS_EN+MI,,
Determiner & Pronoun,1,papakupu:1,Y,,,NEEDS_EN+MI,,
Distributive prefix,1,papakupu:1,Y,,,NEEDS_EN+MI,,
Emphatic Particle,1,papakupu:1,Y,,,NEEDS_EN+MI,,
Emphatic particle,1,papakupu:1,Y,,,NEEDS_EN+MI,,
Expletive,1,papakupu:1,Y,,,NEEDS_EN+MI,,
Focus combination,1,papakupu:1,Y,,,NEEDS_EN+MI,,
"From Austronesian *""ulu head, P-Polynesian *'ulu head, 
hair + P-Polynesian kefu light coloured, blond, brown, reddish (especially of 
hair)",1,papakupu:1,Y,,,NEEDS_EN+MI,,
"From P-Tahitic urupā (meaning uncertain – cf. 
Tahitian urupa thicket; uru 2",1,papakupu:1,Y,,,NEEDS_EN+MI,,
"From the same source as unu 2; cf. Hawaiian, Tongan unuhi 
“take out, withdraw”",1,papakupu:1,Y,,,NEEDS_EN+MI,,
Her,1,papakupu:1,Y,,,NEEDS_EN+MI,,
Indefinite personal pronoun,1,papakupu:1,Y,,,NEEDS_EN+MI,,
Interjection and conjunction,1,papakupu:1,Y,,,NEEDS_EN+MI,,
Interjection expressing distress or surprise,1,papakupu:1,Y,,,NEEDS_EN+MI,,
Interrogative Pronoun & Universal,1,papakupu:1,Y,,,NEEDS_EN+MI,,
Interrogative demonstrative,1,papakupu:1,Y,,,NEEDS_EN+MI,,
Interrogative pronoun,1,papakupu:1,Y,,,NEEDS_EN+MI,,
Locative,1,papakupu:1,Y,Locative,Tūwāhi,OK,,
Locative Noun,1,papakupu:1,Y,,,NEEDS_EN+MI,,
Locative Particle,1,papakupu:1,Y,,,NEEDS_EN+MI,,
Locative preposition,1,papakupu:1,Y,,,NEEDS_EN+MI,,
"Locative, variant of ināianei",1,papakupu:1,Y,,,NEEDS_EN+MI,,
Manner Particle,1,papakupu:1,Y,,,NEEDS_EN+MI,,
"Meremere Penfold, March
2003",1,papakupu:1,Y,,,NEEDS_EN+MI,,
"Meremere Penfold, March 2003",1,papakupu:1,Y,,,NEEDS_EN+MI,,
Negative,1,papakupu:1,Y,Negative,,NEEDS_MI,,
Negative Verb,1,papakupu:1,Y,,,NEEDS_EN+MI,,
Negative adverb,1,papakupu:1,Y,,,NEEDS_EN+MI,,
Negative exclamation,1,papakupu:1,Y,,,NEEDS_EN+MI,,
Negative phrase,1,papakupu:1,Y,,,NEEDS_EN+MI,,
Negative verb,1,papakupu:1,Y,,,NEEDS_EN+MI,,
Neutral possessive,1,papakupu:1,Y,,,NEEDS_EN+MI,,
"No examples in database, linked to upoko",1,papakupu:1,Y,,,NEEDS_EN+MI,,
No further information in database; linked to upoko,1,papakupu:1,Y,,,NEEDS_EN+MI,,
"Note from Te
Mātāpunenga ©",1,papakupu:1,Y,,,NEEDS_EN+MI,,
"Note from Te Mātāpunenga 
©",1,papakupu:1,Y,,,NEEDS_EN+MI,,
Noun and Verb,1,papakupu:1,Y,,,NEEDS_EN+MI,,
Numeral Particle,1,papakupu:1,Y,,,NEEDS_EN+MI,,
Numeral prefix,1,papakupu:1,Y,,,NEEDS_EN+MI,,
Ordinal Numeral,1,papakupu:1,Y,,,NEEDS_EN+MI,,
Origin might be ū + kai + pō,1,papakupu:1,Y,,,NEEDS_EN+MI,,
Particle following a noun or pronoun,1,papakupu:1,Y,,,NEEDS_EN+MI,,
"Particle, alternative form of ina",1,papakupu:1,Y,,,NEEDS_EN+MI,,
Passive verb,1,papakupu:1,Y,,,NEEDS_EN+MI,,
Personal Names,1,papakupu:1,Y,,,NEEDS_EN+MI,,
Place,1,papakupu:1,Y,,,NEEDS_EN+MI,,
"Place
Name",1,papakupu:1,Y,,,NEEDS_EN+MI,,
Positional particle,1,papakupu:1,Y,,,NEEDS_EN+MI,,
Possessive,1,papakupu:1,Y,,,NEEDS_EN+MI,,
"Possessive
pronoun – combination of a [2",1,papakupu:1,Y,,,NEEDS_EN+MI,,
"Possessive Determner, plural of tāu",1,papakupu:1,Y,,,NEEDS_EN+MI,,
Possessive combination,1,papakupu:1,Y,,,NEEDS_EN+MI,,
"Possessive definitive, plural of tō",1,papakupu:1,Y,,,NEEDS_EN+MI,,
"Possessive definitive, “o” class",1,papakupu:1,Y,,,NEEDS_EN+MI,,
"Possessive particle >  belong to, affected by, of  No wai ēnei huu?
Noona. Whose are these? His/hers. [NKU/TA",1,papakupu:1,Y,,,NEEDS_EN+MI,,
Possessive pronoun – combination of a [2,1,papakupu:1,Y,,,NEEDS_EN+MI,,
"Possessive pronoun, alternative form of ana [3",1,papakupu:1,Y,,,NEEDS_EN+MI,,
Postposed particle,1,papakupu:1,Y,,,NEEDS_EN+MI,,
"Postposed particle, alternative form of anake",1,papakupu:1,Y,,,NEEDS_EN+MI,,
Preposed particle,1,papakupu:1,Y,,,NEEDS_EN+MI,,
Preposition (Time Particle) and Determiner,1,papakupu:1,Y,,,NEEDS_EN+MI,,
Preposition + Pronoun,1,papakupu:1,Y,,,NEEDS_EN+MI,,
"Pronoun, 1st person dual inclusive",1,papakupu:1,Y,,,NEEDS_EN+MI,,
"Pronoun, 3rd pers. dual.",1,papakupu:1,Y,,,NEEDS_EN+MI,,
Stative combination,1,papakupu:1,Y,,,NEEDS_EN+MI,,
"Stative, Verb",1,papakupu:1,Y,,,NEEDS_EN+MI,,
Temporal base,1,papakupu:1,Y,,,NEEDS_EN+MI,,
Their,1,papakupu:1,Y,,,NEEDS_EN+MI,,
They,1,papakupu:1,Y,,,NEEDS_EN+MI,,
Time expression,1,papakupu:1,Y,,,NEEDS_EN+MI,,
Verb phrase,1,papakupu:1,Y,,,NEEDS_EN+MI,,
"Verb, Noun",1,papakupu:1,Y,,,NEEDS_EN+MI,,
"Verbal particle, following a verb or stative",1,papakupu:1,Y,,,NEEDS_EN+MI,,
Vocative particle,1,papakupu:1,Y,,,NEEDS_EN+MI,,
WhA-58,1,papakupu:1,Y,,,NEEDS_EN+MI,,
def.,1,williams:1,Y,Determiner (definite),,NEEDS_MI,,
"ing, ing, mahw, āhua",1,hepatakakupu:1,Y,,,NEEDS_EN+MI,,
"ing, maho",1,hepatakakupu:1,Y,,,NEEDS_EN+MI,,
"ing, mahp, āhua, maho",1,hepatakakupu:1,Y,,,NEEDS_EN+MI,,
"ing, mahw, mahp",1,hepatakakupu:1,Y,,,NEEDS_EN+MI,,
"ing, pīa",1,hepatakakupu:1,Y,,,NEEDS_EN+MI,,
"ing, tkp",1,hepatakakupu:1,Y,,,NEEDS_EN+MI,,
"kore, ing, tūkē",1,hepatakakupu:1,Y,,,NEEDS_EN+MI,,
"loan, particle",1,te_aka:1,Y,Particle,,NEEDS_MI,,
locative,1,paekupu:1,Y,Locative,Tūwāhi,OK,,
"maho, ing, mahp, āhua, tūkē",1,hepatakakupu:1,Y,,,NEEDS_EN+MI,,
"maho, ing, mahw, āhua",1,hepatakakupu:1,Y,,,NEEDS_EN+MI,,
"maho, ing, āhua, maho",1,hepatakakupu:1,Y,,,NEEDS_EN+MI,,
"maho, mahp",1,hepatakakupu:1,Y,,,NEEDS_EN+MI,,
"maho, mahp, āhua",1,hepatakakupu:1,Y,,,NEEDS_EN+MI,,
"mahp, ing, mahp, āhua, tūkē",1,hepatakakupu:1,Y,,,NEEDS_EN+MI,,
"mahp, mahw",1,hepatakakupu:1,Y,,,NEEDS_EN+MI,,
"mahp, pīi",1,hepatakakupu:1,Y,,,NEEDS_EN+MI,,
"mahw, ing, āhua, maho",1,hepatakakupu:1,Y,,,NEEDS_EN+MI,,
"particle, noun",1,te_aka:1,Y,,,NEEDS_EN+MI,,
"particle, numeral",1,te_aka:1,Y,,,NEEDS_EN+MI,,
"pmi, pīi",1,hepatakakupu:1,Y,,,NEEDS_EN+MI,,
proper name,1,te_aka:1,Y,,,NEEDS_EN+MI,,
"pāt, pīi",1,hepatakakupu:1,Y,,,NEEDS_EN+MI,,
"pīa, ing, mahp, āhua",1,hepatakakupu:1,Y,,,NEEDS_EN+MI,,
"pīa, āhua",1,hepatakakupu:1,Y,,,NEEDS_EN+MI,,
sinmple noun,1,te_aka:1,Y,,,NEEDS_EN+MI,,
transitive verb?,1,te_aka:1,Y,,,NEEDS_EN+MI,,
tāw,1,hepatakakupu:1,Y,,,NEEDS_EN+MI,,
"tūkē, ing, mahp",1,hepatakakupu:1,Y,,,NEEDS_EN+MI,,
universal transitive verb,1,te_aka:1,Y,,,NEEDS_EN+MI,,
"āhua, ing, mahp, āhua, tūkē",1,hepatakakupu:1,Y,,,NEEDS_EN+MI,,
"āhua, mahp, āhua",1,hepatakakupu:1,Y,,,NEEDS_EN+MI,,
"āhua, āhua",1,hepatakakupu:1,Y,,,NEEDS_EN+MI,,
adv.,0,,Y,,,NEEDS_EN+MI,,
art.,0,,Y,,,NEEDS_EN+MI,,
